{"u_stat": 10777.0, "p_value": 0.0204253828975458, "mean_A": 3.461077844311377, "mean_B": 3.814569536423841, "significance_threshold": 0.05, "significance": "Diff\u00e9rence significative"}